id,section,subsection,chunk,keywords,input_file
d9a46457-44a6-4c79-9949-bfbc65668469,,,"Recruitment & Onboarding Policy (EN, 202501) # Recruitment & Onboarding Policy Version: 202501 Company: Global Service Firm Region: Global (EN)","recruitment,onboarding,policy,global,version",C:\Users\hassa\Documents\Data_Engineering_Project\rag_with_langgraph\data\raw\recruitment_onboarding_policy
0fb21f2a-2a32-4398-b654-3a10e8c47167,Purpose and Scope,Definition,"The purpose of this Recruitment & Onboarding Policy is to establish a clear and consistent framework for attracting, selecting, and integrating new employees into Global Service Firm. This policy applies to all departments and positions across the organization, ensuring that our recruitment and onboarding processes align with our core values and business objectives.","recruitment,onboarding,policy,purpose,establish",C:\Users\hassa\Documents\Data_Engineering_Project\rag_with_langgraph\data\raw\recruitment_onboarding_policy
ef3baca9-7efe-40f9-ba36-573c66209a39,Core Principles,Definition,"1. Fairness: All recruitment and onboarding activities will be conducted without discrimination based on race, gender, age, religion, sexual orientation, disability, or any other protected characteristic. 2. Transparency: Clear communication regarding the recruitment process and expectations will be maintained with all stakeholders. 3. Inclusivity: We strive to create a diverse workforce that reflects the communities we serve, promoting an inclusive environment for all candidates. 4. Compliance: All recruitment practices will comply with local, regional, and international labor laws and regulations. 5. Candidate Experience: We aim to provide a positive and engaging experience for all candidates throughout the recruitment and onboarding processes.","recruitment,onboarding,candidates,experience,fairness",C:\Users\hassa\Documents\Data_Engineering_Project\rag_with_langgraph\data\raw\recruitment_onboarding_policy
e40eb05c-e92f-4028-8f3c-87e060aa2e17,Roles and Responsibilities,Definition,HR Department: Oversee the recruitment and onboarding processes. Ensure compliance with legal and regulatory requirements. Provide training and support to hiring managers. Hiring Managers: Identify staffing needs and initiate job requisitions. Collaborate with HR to develop job descriptions and select candidates. Recruiters: Source and screen candidates. Facilitate interviews and manage communication with candidates. Executives: Approve highlevel recruitment decisions and ensure alignment with organizational goals. New Hires: Actively participate in the onboarding process and provide feedback to improve future experiences.,"candidates,recruitment,onboarding,ensure,provide",C:\Users\hassa\Documents\Data_Engineering_Project\rag_with_langgraph\data\raw\recruitment_onboarding_policy
7f7aef79-bc1e-4dc1-89e3-73f1c60f1df7,Recruitment Process,1. Job Requisition,"Hiring managers submit a job requisition form to HR, detailing the position's responsibilities, qualifications, and urgency.","hiring,managers,submit,requisition,form",C:\Users\hassa\Documents\Data_Engineering_Project\rag_with_langgraph\data\raw\recruitment_onboarding_policy
7f0bb30c-fbdb-4615-a37e-a15ef82cb798,Recruitment Process,2. Approvals,HR reviews the requisition and obtains necessary approvals from executives before proceeding.,"reviews,requisition,obtains,necessary,approvals",C:\Users\hassa\Documents\Data_Engineering_Project\rag_with_langgraph\data\raw\recruitment_onboarding_policy
73887a62-8550-45e8-b229-df72c2c5f11d,Recruitment Process,3. Job Descriptions,HR collaborates with hiring managers to create clear and comprehensive job descriptions that outline essential functions and qualifications.,"collaborates,hiring,managers,create,clear",C:\Users\hassa\Documents\Data_Engineering_Project\rag_with_langgraph\data\raw\recruitment_onboarding_policy
cf284514-09d2-42bd-8a03-fb3c31a3979d,Recruitment Process,4. Postings,"Job openings are posted on the company website, job boards, and social media platforms to attract a diverse pool of candidates.","openings,posted,company,website,boards",C:\Users\hassa\Documents\Data_Engineering_Project\rag_with_langgraph\data\raw\recruitment_onboarding_policy
81e4983f-0ea4-4462-a1d1-dc6bc0f9aba6,Recruitment Process,5. Sourcing,"Recruiters actively source candidates through networking, referrals, and partnerships with educational institutions.","recruiters,actively,source,candidates,through",C:\Users\hassa\Documents\Data_Engineering_Project\rag_with_langgraph\data\raw\recruitment_onboarding_policy
1ef8e5b2-06ec-4f3e-a4a5-dd170a7639a1,Recruitment Process,6. Selection,"Candidates are screened based on their qualifications and experience, followed by interviews and assessments.","candidates,screened,based,qualifications,experience",C:\Users\hassa\Documents\Data_Engineering_Project\rag_with_langgraph\data\raw\recruitment_onboarding_policy
5803cabd-d61c-4d6b-a5aa-8723e09d2806,Selection Methods,Definition,1. Interviews: Structured interviews will be conducted by hiring managers and HR to assess candidates’ skills and cultural fit. 2. Assessments: Relevant assessments may be administered to evaluate specific skills or competencies. 3. Case Studies: Candidates may be asked to solve case studies relevant to the position to demonstrate their problemsolving abilities. 4. Reference Checks: HR will conduct reference checks to validate candidates' qualifications and past performance. 5. Background Checks: Background checks will be performed in accordance with local laws to ensure candidate integrity.,"checks,candidates,interviews,skills,assessments",C:\Users\hassa\Documents\Data_Engineering_Project\rag_with_langgraph\data\raw\recruitment_onboarding_policy
083d3b9d-4d0c-4094-a302-6348bc0795ec,"Diversity, Equity & Inclusion",Definition,Global Service Firm is committed to being an equal opportunity employer. We actively work to mitigate bias in our recruitment processes by employing standardized evaluation criteria and diverse interview panels.,"global,service,firm,committed,being",C:\Users\hassa\Documents\Data_Engineering_Project\rag_with_langgraph\data\raw\recruitment_onboarding_policy
69563e28-83f0-4561-8ebc-57de3d77ea03,Communication with Candidates,Timelines,Candidates will be informed of their application status within two weeks of submission.,"candidates,informed,application,status,within",C:\Users\hassa\Documents\Data_Engineering_Project\rag_with_langgraph\data\raw\recruitment_onboarding_policy
8d8b6761-3bb8-4cbc-81b2-aba7b25e57ed,Communication with Candidates,Feedback,Constructive feedback will be provided to candidates who reach the interview stage but are not selected.,"constructive,feedback,provided,candidates,reach",C:\Users\hassa\Documents\Data_Engineering_Project\rag_with_langgraph\data\raw\recruitment_onboarding_policy
20f2de73-1a8d-46dd-ad74-45ee0eee0d03,Communication with Candidates,Offer Process,"Successful candidates will receive a formal offer letter outlining salary, benefits, and start date.","successful,candidates,receive,formal,offer",C:\Users\hassa\Documents\Data_Engineering_Project\rag_with_langgraph\data\raw\recruitment_onboarding_policy
4c3ee6b4-6141-4c81-ab9c-83e4a4935515,Onboarding Process,Preboarding,New hires will receive a welcome email with essential information and resources prior to their start date.,"hires,receive,welcome,email,essential",C:\Users\hassa\Documents\Data_Engineering_Project\rag_with_langgraph\data\raw\recruitment_onboarding_policy
7b46ae48-a181-4da7-a8c5-d4d5b16829b5,Onboarding Process,Day One Activities,"New hires will attend an orientation session covering company policies, culture, and administrative procedures.","hires,attend,orientation,session,covering",C:\Users\hassa\Documents\Data_Engineering_Project\rag_with_langgraph\data\raw\recruitment_onboarding_policy
e9ae917f-7fbb-49f7-90ac-3b72ec79bcde,Onboarding Process,Induction Program,"A structured induction program will be implemented, including training sessions and introductions to key team members.","structured,induction,program,implemented,including",C:\Users\hassa\Documents\Data_Engineering_Project\rag_with_langgraph\data\raw\recruitment_onboarding_policy
80710e90-c84a-46e8-96ed-2a8fdcae1e5b,Onboarding Process,Probation Period,"New hires will undergo a probation period of 90 days, during which their performance will be evaluated.","hires,undergo,probation,period,days",C:\Users\hassa\Documents\Data_Engineering_Project\rag_with_langgraph\data\raw\recruitment_onboarding_policy
ca8361cb-ed06-4f5c-a2fc-c1d2cef6aa6a,Onboarding Process,Buddy/Mentor System,Each new hire will be assigned a buddy or mentor to guide them through their initial days and help them acclimate to the company culture.,"them,each,hire,assigned,buddy",C:\Users\hassa\Documents\Data_Engineering_Project\rag_with_langgraph\data\raw\recruitment_onboarding_policy
1b3ff318-12cc-4baf-b1ab-52f9c343ebef,Digital Tools and Systems,Definition,"Applicant Tracking System (ATS): Used for managing job postings, applications, and candidate communications. Human Resource Information System (HRIS): Maintains employee records and facilitates onboarding processes. ELearning Platforms: Provide access to training materials and compliance courses during onboarding.","system,onboarding,applicant,tracking,used",C:\Users\hassa\Documents\Data_Engineering_Project\rag_with_langgraph\data\raw\recruitment_onboarding_policy
9fd54d93-759b-4621-b58a-a0ffaf1014d8,Probation Period Rules,Definition,"1. Length: The standard probation period is 90 days. 2. Evaluations: Performance evaluations will be conducted at 30, 60, and 90 days to assess fit and performance. 3. Extensions: Probation periods may be extended for an additional 30 days if performance does not meet expectations. 4. Termination: Employment may be terminated during the probation period if performance is unsatisfactory.","performance,probation,days,period,evaluations",C:\Users\hassa\Documents\Data_Engineering_Project\rag_with_langgraph\data\raw\recruitment_onboarding_policy
430dbe25-8353-4059-b91a-55c4c317ecd7,Training During Onboarding,Definition,Mandatory Compliance Training: New hires must complete compliance training within their first week. Security Training: Training on data protection and security protocols will be provided. Culture Workshops: Workshops will be held to familiarize new hires with company values and culture.,"training,compliance,hires,security,culture",C:\Users\hassa\Documents\Data_Engineering_Project\rag_with_langgraph\data\raw\recruitment_onboarding_policy
f64d19dc-6355-40b5-8ef1-93197848a2f1,Integration with Performance Management,Definition,"A review will be conducted at the end of the first 90 days to discuss performance, set goals, and address any concerns.","review,conducted,first,days,discuss",C:\Users\hassa\Documents\Data_Engineering_Project\rag_with_langgraph\data\raw\recruitment_onboarding_policy
8e7203a1-3918-46e4-a929-9287f4445c9c,Employee Records and Documentation Requirements,Definition,"New hires must submit required documentation, including identification, tax forms, and signed offer letters, before their start date.","hires,submit,required,documentation,including",C:\Users\hassa\Documents\Data_Engineering_Project\rag_with_langgraph\data\raw\recruitment_onboarding_policy
1a8987de-55cc-4f88-99e4-9f3985f7b93b,Global and Regional Compliance Considerations,Definition,Recruitment and onboarding practices will be adapted to meet local labor laws and regulations in each region where Global Service Firm operates.,"recruitment,onboarding,practices,adapted,meet",C:\Users\hassa\Documents\Data_Engineering_Project\rag_with_langgraph\data\raw\recruitment_onboarding_policy
90f5200e-3f00-4b5a-9694-2605d7a9c008,Example Scenario: Manager Requests a New Hire,Definition,"Scenario: A manager identifies the need for a new software developer due to increased project demands. 1. The manager submits a job requisition to HR. 2. HR reviews and approves the requisition. 3. A job description is created and posted on various platforms. 4. Candidates are sourced and screened, leading to interviews. 5. The selected candidate receives an offer, and onboarding begins.","manager,requisition,scenario,identifies,need",C:\Users\hassa\Documents\Data_Engineering_Project\rag_with_langgraph\data\raw\recruitment_onboarding_policy
029cf3dd-639a-4f3e-8b0e-1b57f5fe3aef,Example Onboarding Plan: 30-60-90 Days,Definition,"| Time Frame | Activities | ||| | 30 Days | Orientation, compliance training, introduction to team, initial project assignment | | 60 Days | Continued training, feedback sessions, increased responsibilities, networking | | 90 Days | Performance review, goal setting, integration into team projects |","days,training,team,time,frame",C:\Users\hassa\Documents\Data_Engineering_Project\rag_with_langgraph\data\raw\recruitment_onboarding_policy
15ce3e5d-1b96-4e33-973a-82835bfa780a,Sample Communication Timeline with Candidates,Definition,| Stage | Timeline | Action | |||| | Application Received | 2 weeks | Acknowledge receipt of application | | Interview Scheduled | 1 week | Notify candidates of interview date | | PostInterview Feedback | 1 week | Provide feedback to candidates | | Offer Extended | 1 week | Send offer letter to selected candidate |,"week,application,interview,candidates,feedback",C:\Users\hassa\Documents\Data_Engineering_Project\rag_with_langgraph\data\raw\recruitment_onboarding_policy
9fb4199b-0e4e-4bff-8f7e-69ed583af577,Example Table: Stages of Onboarding with Responsible Parties,Definition,"| Stage | Responsible Party | ||| | Preboarding | HR | | Orientation | HR, Hiring Manager | | Training Sessions | HR, Department Heads | | Performance Review | HR, Hiring Manager |","hiring,manager,stage,responsible,party",C:\Users\hassa\Documents\Data_Engineering_Project\rag_with_langgraph\data\raw\recruitment_onboarding_policy
bd983acd-d6a9-43a7-86cd-d5cc08e465c9,Checklist for Managers Before New Hire Arrival,Definition,"1. Confirm workspace setup. 2. Prepare necessary equipment (laptop, phone). 3. Schedule introductory meetings. 4. Ensure access to required systems. 5. Review onboarding materials.","confirm,workspace,setup,prepare,necessary",C:\Users\hassa\Documents\Data_Engineering_Project\rag_with_langgraph\data\raw\recruitment_onboarding_policy
50ee5a53-0b7f-46d5-be2e-40abdc450fb8,Appendix: Definitions and Templates,Definitions,ATS: Applicant Tracking System. HRIS: Human Resource Information System.,"system,applicant,tracking,hris,human",C:\Users\hassa\Documents\Data_Engineering_Project\rag_with_langgraph\data\raw\recruitment_onboarding_policy
7c9d35a2-85f2-45a6-9f58-64338b6c72d6,Appendix: Definitions and Templates,Templates,Offer Letter Template: [Link to template] Induction Agenda: [Link to template],"template,link,offer,letter,induction",C:\Users\hassa\Documents\Data_Engineering_Project\rag_with_langgraph\data\raw\recruitment_onboarding_policy
010892cb-bda3-4ffb-8992-d2d06e87b9a2,FAQ,Definition,"1. What should I do if I need to fill a position urgently? Contact HR immediately to expedite the requisition process. 2. How long does the onboarding process take? The onboarding process typically lasts 90 days, including the probation period. 3. Can I request changes to the job description? Yes, changes can be requested during the job requisition process. 4. What if I have concerns about a new hire during the probation period? Discuss concerns with HR and the hiring manager to determine the best course of action. 5. Is training mandatory during onboarding? Yes, compliance and security training are mandatory for all new hires. 6. How will I receive feedback during my onboarding? Regular checkins will be scheduled to provide feedback and address any questions. 7. What happens if I don't meet performance expectations during probation? A performance review will be conducted, and if necessary, an extension or termination may occur. 8. How can I ensure a diverse candidate pool? Utilize diverse job boards and networks to reach a broader audience. 9. What digital tools will I use during onboarding? You will use the ATS for application tracking and the HRIS for employee records. 10. Who should I contact if I have questions about the onboarding process? Reach out to your HR representative for any inquiries.  This Recruitment & Onboarding Policy is designed to foster a structured, fair, and inclusive approach to hiring and integrating new employees into Global Service Firm. By adhering to these guidelines, we aim to enhance our organizational culture and ensure the success of our new hires.","onboarding,during,process,what,probation",C:\Users\hassa\Documents\Data_Engineering_Project\rag_with_langgraph\data\raw\recruitment_onboarding_policy
